Title,Year,Rated,Released,Runtime,Genre,Director,Writer,Actors,Plot,Language,Country,Poster,Metascore,imdbID,imdbRating,imdbVotes,Type,Production
Holidate,2020,TV-MA,28 Oct 2020,103 min,"Comedy, Romance",John Whitesell,Tiffany Paulsen,"Emma Roberts, Luke Bracey, Kristin Chenoweth, Frances Fisher","Fed up with being single on holidays, two strangers agree to be each other's platonic plus-ones all year long, only to catch real feelings along the way.",English,USA,https://m.media-amazon.com/images/M/MV5BYWVmYTFjODItOTY2Ni00NDhhLTk1ZDYtMzBmOGFhZTMyY2Q0XkEyXkFqcGdeQXVyMTEyMjM2NDc2._V1_SX300.jpg,44,tt9866072,6.1,"12,141",movie,N/A
Borat Subsequent Moviefilm,2020,R,23 Oct 2020,95 min,"Adventure, Comedy",Jason Woliner,"Sacha Baron Cohen (screenplay by), Anthony Hines (screenplay by), Dan Swimer (screenplay by), Peter Baynham (screenplay by), Erica Rivinoja (screenplay by), Dan Mazer (screenplay by), Jena Friedman (screenplay by), Lee Kern (screenplay by), Sacha Baron Cohen (story by), Anthony Hines (story by), Dan Swimer (story by), Nina Pedrad (story by), Sacha Baron Cohen (based on character created by)","Sacha Baron Cohen, Maria Bakalova, Tom Hanks, Dani Popescu",Follow-up film to the 2006 comedy centering on the real-life adventures of a fictional Kazakh television journalist named Borat.,"English, Bulgarian, Hebrew, Romanian","UK, USA",https://m.media-amazon.com/images/M/MV5BZmY2ZmM5YTktZThiOC00YjEzLTg4YTctMDAxYWEyZmEyZDlhXkEyXkFqcGdeQXVyMjkwOTAyMDU@._V1_SX300.jpg,68,tt13143964,6.8,"75,370",movie,N/A
Hocus Pocus,1993,PG,16 Jul 1993,96 min,"Comedy, Family, Fantasy",Kenny Ortega,"David Kirschner (story), Mick Garris (story), Mick Garris (screenplay), Neil Cuthbert (screenplay)","Bette Midler, Sarah Jessica Parker, Kathy Najimy, Omri Katz","A curious youngster moves to Salem, where he struggles to fit in before awakening a trio of diabolical witches that were executed in the 17th century.","English, French",USA,https://m.media-amazon.com/images/M/MV5BMWUxNWI0YTYtY2RiZS00ZjNmLTg4ZGUtNDI0Mzk4NmQ5NWE5XkEyXkFqcGdeQXVyNjk1Njg5NTA@._V1_SX300.jpg,N/A,tt0107120,6.9,"101,320",movie,Walt Disney Pictures
The Witches,1990,PG,24 Aug 1990,91 min,"Adventure, Comedy, Family, Fantasy, Horror, Mystery",Nicolas Roeg,"Roald Dahl (book), Allan Scott (screenplay)","Anjelica Huston, Mai Zetterling, Jasen Fisher, Rowan Atkinson","A young boy stumbles onto a witch convention and must stop them, even after he has been turned into a mouse.",English,"UK, USA",https://m.media-amazon.com/images/M/MV5BMjI1MDg5NzAyMV5BMl5BanBnXkFtZTgwNzU5Mzk4NjE@._V1_SX300.jpg,78,tt0100944,6.8,"38,250",movie,"Jim Henson Productions, Lorimar Film Entertainment"
His House,2020,TV-14,30 Oct 2020,93 min,"Drama, Horror, Thriller",Remi Weekes,"Felicity Evans (Story by), Toby Venables (Story by), Remi Weekes","Sope Dirisu, Wunmi Mosaku, Malaika Wakoli-Abigaba, Javier Botet","A refugee couple makes a harrowing escape from war-torn South Sudan, but then they struggle to adjust to their new life in an English town that has an evil lurking beneath the surface.",English,UK,https://m.media-amazon.com/images/M/MV5BODY2NjQzYzYtYTgyMy00M2MxLTgyMWQtZTU1NWZjZWU4ZDc3XkEyXkFqcGdeQXVyNjEwNTM2Mzc@._V1_SX300.jpg,72,tt8508734,6.3,"2,623",movie,N/A
Rebecca,1940,Approved,12 Apr 1940,130 min,"Drama, Mystery, Romance, Thriller",Alfred Hitchcock,"Daphne Du Maurier (celebrated novel), Robert E. Sherwood (screen play), Joan Harrison (screen play), Philip MacDonald (adaptation), Michael Hogan (adaptation)","Laurence Olivier, Joan Fontaine, George Sanders, Judith Anderson",A self-conscious woman juggles adjusting to her new role as an aristocrat's wife and avoiding being intimidated by his first wife's spectral presence.,"English, French",USA,https://m.media-amazon.com/images/M/MV5BYTcxYWExOTMtMWFmYy00ZjgzLWI0YjktNWEzYzJkZTg0NDdmL2ltYWdlXkEyXkFqcGdeQXVyNjc1NTYyMjg@._V1_SX300.jpg,86,tt0032976,8.1,"120,269",movie,Selznick International Pictures
The Trial of the Chicago 7,2020,R,16 Oct 2020,129 min,"Drama, History, Thriller",Aaron Sorkin,Aaron Sorkin,"Eddie Redmayne, Alex Sharp, Sacha Baron Cohen, Jeremy Strong","The story of 7 people on trial stemming from various charges surrounding the uprising at the 1968 Democratic National Convention in Chicago, Illinois.",English,"USA, UK, India",https://m.media-amazon.com/images/M/MV5BYjYzOGE1MjUtODgyMy00ZDAxLTljYTgtNzk0Njg2YWQwMTZhXkEyXkFqcGdeQXVyMDM2NDM2MQ@@._V1_SX300.jpg,76,tt1070874,7.9,"50,886",movie,N/A
Knock Knock,2015,R,09 Oct 2015,99 min,"Drama, Thriller",Eli Roth,"Eli Roth (screenplay), Nicolás López (screenplay), Guillermo Amoedo (screenplay), Anthony Overman (story), Michael Ronald Ross (story)","Keanu Reeves, Lorenza Izzo, Ana de Armas, Aaron Burns","A devoted father helps two stranded young women who knock on his door, but his kind gesture turns into a dangerous seduction and a deadly game of cat and mouse.","English, Spanish","USA, Chile, Israel",https://m.media-amazon.com/images/M/MV5BYTQ3MzhlZjQtNWMxOS00NTEzLTgzOWYtNTI3MjhmZGU0ZDM2XkEyXkFqcGdeQXVyMTQxNzMzNDI@._V1_SX300.jpg,53,tt3605418,4.9,"77,781",movie,"Dragonfly, Camp Grey, Sobras International Pictures"
Hubie Halloween,2020,PG-13,07 Oct 2020,102 min,"Comedy, Fantasy, Mystery",Steven Brill,"Tim Herlihy, Adam Sandler","Adam Sandler, Kevin James, Julie Bowen, Ray Liotta","Despite his devotion to his hometown of Salem (and its Halloween celebration), Hubie Dubois is a figure of mockery for kids and adults alike. But this year, something is going bump in the night, and it's up to Hubie to save Halloween.",English,USA,https://m.media-amazon.com/images/M/MV5BMTE0N2EyMzgtMWJhZS00ZWNmLThjZmQtMjcxYTk1NTJiMGVkXkEyXkFqcGdeQXVyNjY1MTg4Mzc@._V1_SX300.jpg,53,tt10682266,5.2,"15,817",movie,N/A
Halloween,1978,R,27 Oct 1978,91 min,"Horror, Thriller",John Carpenter,"John Carpenter (screenplay by), Debra Hill (screenplay by)","Donald Pleasence, Jamie Lee Curtis, Nancy Kyes, P.J. Soles","Fifteen years after murdering his sister on Halloween night 1963, Michael Myers escapes from a mental hospital and returns to the small town of Haddonfield, Illinois to kill again.",English,USA,https://m.media-amazon.com/images/M/MV5BNzk1OGU2NmMtNTdhZC00NjdlLWE5YTMtZTQ0MGExZTQzOGQyXkEyXkFqcGdeQXVyMTQxNzMzNDI@._V1_SX300.jpg,87,tt0077651,7.8,"229,636",movie,Falcon Films
After We Collided,2020,R,23 Oct 2020,105 min,"Drama, Romance",Roger Kumble,"Anna Todd (screenplay by), Mario Celaya (screenplay by), Anna Todd (based on the novel by)","Josephine Langford, Hero Fiennes Tiffin, Dylan Sprouse, Louise Lombard","Based on the 2014 romance novel of the same name, this follows the love life of two young adults.","English, Chinese",USA,https://m.media-amazon.com/images/M/MV5BN2UyNGM3MDUtMTIzZi00ZDdkLThlYTktYjk0ZDMzM2JiMjMyXkEyXkFqcGdeQXVyNzE0MjkxMzA@._V1_SX300.jpg,14,tt10362466,5.1,"8,841",movie,N/A
Rogue City,2020,N/A,30 Oct 2020,116 min,"Action, Crime, Drama, Thriller",Olivier Marchal,Olivier Marchal,"Lannick Gautry, Stanislas Merhar, Kaaris, David Belle","Caught in the cross hairs of police corruption and Marseille's warring gangs, a loyal cop must protect his squad by taking matters into his own hands.",French,France,https://m.media-amazon.com/images/M/MV5BMjdmMjI0YzktOTliMS00Yzc1LThhMDEtZGE3NmZjNzdhYWIyXkEyXkFqcGdeQXVyNjEwNTM2Mzc@._V1_SX300.jpg,N/A,tt10127684,6.1,717,movie,N/A
Tenet,2020,PG-13,03 Sep 2020,150 min,"Action, Sci-Fi",Christopher Nolan,Christopher Nolan,"Juhan Ulfsak, Jefferson Hall, Ivo Uukkivi, Andrew Howard","Armed with only one word, Tenet, and fighting for the survival of the entire world, a Protagonist journeys through a twilight world of international espionage on a mission that will unfold in something beyond real time.","English, Russian, Ukrainian, Estonian","UK, USA",https://m.media-amazon.com/images/M/MV5BYzg0NGM2NjAtNmIxOC00MDJmLTg5ZmYtYzM0MTE4NWE2NzlhXkEyXkFqcGdeQXVyMTA4NjE0NjEy._V1_SX300.jpg,69,tt6723592,7.8,"142,673",movie,"Syncopy, Warner Bros. Pictures"
Halloween Kills,2021,N/A,15 Oct 2021,N/A,"Horror, Thriller",David Gordon Green,"John Carpenter (based on characters created by), David Gordon Green, Debra Hill (based on characters created by), Danny McBride, Scott Teems","Judy Greer, Anthony Michael Hall, Jamie Lee Curtis, Kyle Richards",The saga of Michael Myers and Laurie Strode continues in the next thrilling chapter of the Halloween series.,English,"UK, USA",https://m.media-amazon.com/images/M/MV5BNzZhY2Q4OTAtZDdlMi00OTljLWFlNjItMmViY2ZmZWRkZjdiXkEyXkFqcGdeQXVyNjIzNzM4NzA@._V1_SX300.jpg,N/A,tt10665338,N/A,N/A,movie,N/A
,,,,,,,,,,,,,,,,,,
Love and Monsters,2020,PG-13,16 Oct 2020,109 min,"Action, Adventure, Comedy",Michael Matthews,"Brian Duffield (screenplay by), Matthew Robinson (screenplay by), Brian Duffield (story by)","Dylan O'Brien, Jessica Henwick, Michael Rooker, Dan Ewing","In a monster-infested world, Joel learns his girlfriend is just 80 miles away. To make the dangerous journey, Joel discovers his inner hero to be with the girl of his dreams.",English,"Canada, USA",https://m.media-amazon.com/images/M/MV5BYWVkMWEyMDUtZTVmOC00MTYxLWE1ZTUtNjk4M2IzMjY2OTIxXkEyXkFqcGdeQXVyMDk5Mzc5MQ@@._V1_SX300.jpg,59,tt2222042,7.0,"16,809",movie,N/A
The Witches,1990,PG,24 Aug 1990,91 min,"Adventure, Comedy, Family, Fantasy, Horror, Mystery",Nicolas Roeg,"Roald Dahl (book), Allan Scott (screenplay)","Anjelica Huston, Mai Zetterling, Jasen Fisher, Rowan Atkinson","A young boy stumbles onto a witch convention and must stop them, even after he has been turned into a mouse.",English,"UK, USA",https://m.media-amazon.com/images/M/MV5BMjI1MDg5NzAyMV5BMl5BanBnXkFtZTgwNzU5Mzk4NjE@._V1_SX300.jpg,78,tt0100944,6.8,"38,250",movie,"Jim Henson Productions, Lorimar Film Entertainment"
The Craft: Legacy,2020,PG-13,28 Oct 2020,97 min,"Drama, Fantasy, Horror",Zoe Lister-Jones,"Zoe Lister-Jones, Peter Filardi (based on characters created by)","Cailee Spaeny, Zoey Luna, Gideon Adlon, Lovie Simone","A group of high school students form a coven of witches. A sequel to the 1996 film, ""The Craft"".",English,"USA, Canada",https://m.media-amazon.com/images/M/MV5BNjY0YzYwM2YtMzcyOC00YmFjLTgxMzEtNzg0YjEwYjlhY2I5XkEyXkFqcGdeQXVyMTEyMjM2NDc2._V1_SX300.jpg,54,tt4685762,4.2,"3,441",movie,N/A
Let Him Go,2017,N/A,01 Jul 2017,9 min,"Short, Drama",Francis X. Lord,"Nigel Goodwin (story by), Francis X. Lord","Kym Veldman, Kathryn Rigby, Nigel Goodwin, Noel Ross","A girl wakes beside her father who is being left kept alive on life support. Her mother is there with a doctor but also, more alarmingly, a priest.",English,UK,https://m.media-amazon.com/images/M/MV5BYzE2NjkyMDEtYmViYS00ZjExLTg2NzUtYzkxNWIwMjEwMmUzXkEyXkFqcGdeQXVyOTA3ODU2Nw@@._V1_SX300.jpg,N/A,tt7088542,7.8,16,movie,N/A
Operation Christmas Drop,2020,TV-G,05 Nov 2020,95 min,"Comedy, Family, Romance",Martin Wood,"Gregg Rossen, Brian Sawyer","Kat Graham, Alexander Ludwig, Trezzo Mahoro, Bethany Brown","Congressional aide Erica (Graham) forgoes family Christmas to travel at her boss's behest. At a beachside Air Force base, she clashes with Capt. Andrew Jantz (Ludwig), who knows her assignment is finding reasons to defund the facility.",English,USA,https://m.media-amazon.com/images/M/MV5BZjM2MTNjNzAtMjU0Yy00MTNmLWFkMDctMWZmMjA0ODE0YTVhXkEyXkFqcGdeQXVyNjEwNTM2Mzc@._V1_SX300.jpg,N/A,tt13236566,5.9,"3,059",movie,N/A
The Untouchables,1987,R,03 Jun 1987,119 min,"Crime, Drama, Thriller",Brian De Palma,"David Mamet, Oscar Fraley (suggested by book), Eliot Ness (suggested by book)","Kevin Costner, Sean Connery, Charles Martin Smith, Andy Garcia","During the era of Prohibition in the United States, Federal Agent Eliot Ness sets out to stop ruthless Chicago gangster Al Capone and, because of rampant corruption, assembles a small, hand-picked team to help him.",English,USA,https://m.media-amazon.com/images/M/MV5BYTVjYWJmMWQtYWU4Ni00MWY3LWI2YmMtNTI5MDE0MWVmMmEzL2ltYWdlXkEyXkFqcGdeQXVyMTQxNzMzNDI@._V1_SX300.jpg,79,tt0094226,7.9,"275,953",movie,Paramount Pictures
Halloween,1978,R,27 Oct 1978,91 min,"Horror, Thriller",John Carpenter,"John Carpenter (screenplay by), Debra Hill (screenplay by)","Donald Pleasence, Jamie Lee Curtis, Nancy Kyes, P.J. Soles","Fifteen years after murdering his sister on Halloween night 1963, Michael Myers escapes from a mental hospital and returns to the small town of Haddonfield, Illinois to kill again.",English,USA,https://m.media-amazon.com/images/M/MV5BNzk1OGU2NmMtNTdhZC00NjdlLWE5YTMtZTQ0MGExZTQzOGQyXkEyXkFqcGdeQXVyMTQxNzMzNDI@._V1_SX300.jpg,87,tt0077651,7.8,"229,636",movie,Falcon Films
The Rocky Horror Picture Show,1975,R,31 Aug 1975,100 min,"Comedy, Musical",Jim Sharman,"Richard O'Brien (original musical play), Jim Sharman (screenplay), Richard O'Brien (screenplay)","Tim Curry, Susan Sarandon, Barry Bostwick, Richard O'Brien",A newly-engaged couple have a breakdown in an isolated area and must seek shelter at the bizarre residence of Dr. Frank-n-Furter.,English,"UK, USA",https://m.media-amazon.com/images/M/MV5BOGIzYjM3YzMtMjk5ZS00NDY2LTllMjEtNjYwZjhmMDNhMDBkXkEyXkFqcGdeQXVyODUzMjQxMTA@._V1_SX300.jpg,65,tt0073629,7.4,"130,148",movie,Twentieth Century Fox
The Nightmare Before Christmas,1993,PG,29 Oct 1993,76 min,"Animation, Family, Fantasy, Musical",Henry Selick,"Tim Burton (story and characters), Michael McDowell (adaptation), Caroline Thompson (screenplay)","Danny Elfman, Chris Sarandon, Catherine O'Hara, William Hickey","Jack Skellington, king of Halloween Town, discovers Christmas Town, but his attempts to bring Christmas to his home causes confusion.",English,USA,https://m.media-amazon.com/images/M/MV5BNWE4OTNiM2ItMjY4Ni00ZTViLWFiZmEtZGEyNGY2ZmNlMzIyXkEyXkFqcGdeQXVyMDU5NDcxNw@@._V1_SX300.jpg,82,tt0107688,8.0,"292,995",movie,"Touchstone Pictures, Skellington Productions"
Come Play,2020,PG-13,30 Oct 2020,96 min,"Drama, Horror, Mystery, Thriller",Jacob Chase,Jacob Chase,"Azhy Robertson, Gillian Jacobs, John Gallagher Jr., Winslow Fegley",A monster named Larry manifests itself through smart phones and mobile devices. Feature film version of the 2017 short film.,English,USA,https://m.media-amazon.com/images/M/MV5BYzI4NzU4M2EtNWI2YS00ZjdmLWIzOTQtZmFkYTg2OTlkMTk3XkEyXkFqcGdeQXVyODk4OTc3MTY@._V1_SX300.jpg,58,tt8004664,5.8,"1,725",movie,N/A
Over the Moon,2020,PG,23 Oct 2020,95 min,"Animation, Adventure, Comedy, Family, Fantasy, Musical, Sci-Fi","Glen Keane, John Kahrs(co-director)","Audrey Wells, Jennifer Yee McDevitt (additional screenplay material by), Alice Wu (additional screenplay material by)","Glen Keane, Brycen Hall, Ruthie Ann Miles, John Cho","In this animated musical, a girl builds a rocket ship and blasts off, hoping to meet a mythical moon goddess.",English,"China, USA",https://m.media-amazon.com/images/M/MV5BNTI0ZjVhM2ItMmFkOS00ZmFiLTg4NGQtODJjNTZmMDYxMWMyXkEyXkFqcGdeQXVyMDM2NDM2MQ@@._V1_SX300.jpg,60,tt7488208,6.6,"6,575",movie,N/A
Possessor Uncut,2020,R,02 Oct 2020,103 min,"Horror, Sci-Fi, Thriller",Brandon Cronenberg,Brandon Cronenberg,"Gabrielle Graham, Hanneke Talbot, Matthew Garlick, Daniel Park",Possessor follows an agent who works for a secretive organization that uses brain-implant technology to inhabit other people's bodies - ultimately driving them to commit assassinations for high-paying clients.,English,"UK, Canada",https://m.media-amazon.com/images/M/MV5BMjBlYTlhMDctNTQ3ZC00MjM4LWIxNjctNDI4NjA3NDc3Yzc5XkEyXkFqcGdeQXVyMTEyMjM2NDc2._V1_SX300.jpg,72,tt5918982,6.5,"3,936",movie,N/A
Enola Holmes,2020,PG-13,23 Sep 2020,123 min,"Adventure, Crime, Drama, Mystery",Harry Bradbeer,"Jack Thorne (screenplay by), Nancy Springer (based upon the book ""The Case of the Missing Marquess: An Enola Holmes Mystery"" by)","Millie Bobby Brown, Henry Cavill, Sam Claflin, Helena Bonham Carter","When Enola Holmes-Sherlock's teen sister-discovers her mother missing, she sets off to find her, becoming a super-sleuth in her own right as she outwits her famous brother and unravels a dangerous conspiracy around a mysterious young Lord.",English,UK,https://m.media-amazon.com/images/M/MV5BZjNkNzk0ZjEtM2M1ZC00MmMxLTlmOWEtNWRlZTc1ZTUyNzY4XkEyXkFqcGdeQXVyMTEyMjM2NDc2._V1_SX300.jpg,68,tt7846844,6.6,"86,709",movie,N/A
The Invisible Man,2020,R,28 Feb 2020,124 min,"Drama, Horror, Mystery, Sci-Fi, Thriller",Leigh Whannell,"Leigh Whannell (screenplay), Leigh Whannell (screen story)","Elisabeth Moss, Oliver Jackson-Cohen, Harriet Dyer, Aldis Hodge","When Cecilia's abusive ex takes his own life and leaves her his fortune, she suspects his death was a hoax. As a series of coincidences turn lethal, Cecilia works to prove that she is being hunted by someone nobody can see.",English,"Canada, Australia, USA",https://m.media-amazon.com/images/M/MV5BZjFhM2I4ZDYtZWMwNC00NTYzLWE3MDgtNjgxYmM3ZWMxYmVmXkEyXkFqcGdeQXVyMTkxNjUyNQ@@._V1_SX300.jpg,72,tt1051906,7.1,"146,418",movie,Indie Rights
Dr. No,1962,PG,10 Oct 1962,110 min,"Action, Adventure, Thriller",Terence Young,"Richard Maibaum (screenplay by), Johanna Harwood (screenplay by), Berkely Mather (screenplay by), Ian Fleming (based on the novel by)","Sean Connery, Ursula Andress, Joseph Wiseman, Jack Lord",A resourceful British government agent seeks answers in a case involving the disappearance of a colleague and the disruption of the American space program.,"English, French",UK,https://m.media-amazon.com/images/M/MV5BMWRkZTI4NzktYjA4Yi00ZjE0LTgzOWQtYzJlMTkyOTU1ODRmXkEyXkFqcGdeQXVyNDY2MTk1ODk@._V1_SX300.jpg,78,tt0055928,7.2,"146,342",movie,Danjaq Productions
The Devil All the Time,2020,R,16 Sep 2020,138 min,"Crime, Drama, Thriller",Antonio Campos,"Antonio Campos (screenplay by), Paulo Campos (screenplay by), Donald Ray Pollock (based on the novel by)","Donald Ray Pollock, Bill Skarsgård, Tom Holland, Michael Banks Repeta",Sinister characters converge around a young man devoted to protecting those he loves in a postwar backwoods town teeming with corruption and brutality.,English,USA,https://m.media-amazon.com/images/M/MV5BZmE1NmVmN2EtMjZmZC00YzAyLWE4MWEtYjY5YmExMjUxODU1XkEyXkFqcGdeQXVyMTkxNjUyNQ@@._V1_SX300.jpg,55,tt7395114,7.1,"70,511",movie,N/A
The Addams Family,1991,PG-13,22 Nov 1991,99 min,"Comedy, Fantasy",Barry Sonnenfeld,"Charles Addams (characters), Caroline Thompson, Larry Wilson","Anjelica Huston, Raul Julia, Christopher Lloyd, Dan Hedaya",Con artists plan to fleece an eccentric family using an accomplice who claims to be their long-lost uncle.,"English, Italian, French",USA,https://m.media-amazon.com/images/M/MV5BODc1NmY0MDUtNjUzNS00ODdhLWJlN2ItMTgwZjczZjI0MDkyXkEyXkFqcGdeQXVyNTAyODkwOQ@@._V1_SX300.jpg,57,tt0101272,6.9,"130,478",movie,"Paramount Pictures, Orion Pictures"
The Rock,1996,R,07 Jun 1996,136 min,"Action, Adventure, Thriller",Michael Bay,"David Weisberg (story), Douglas Cook (story), David Weisberg (screenplay), Douglas Cook (screenplay), Mark Rosner (screenplay)","Sean Connery, Nicolas Cage, Ed Harris, John Spencer","A mild-mannered chemist and an ex-con must lead the counterstrike when a rogue group of military men, led by a renegade general, threaten a nerve gas attack from Alcatraz against San Francisco.",English,USA,https://m.media-amazon.com/images/M/MV5BZDJjOTE0N2EtMmRlZS00NzU0LWE0ZWQtM2Q3MWMxNjcwZjBhXkEyXkFqcGdeQXVyNDk3NzU2MTQ@._V1_SX300.jpg,58,tt0117500,7.4,"308,131",movie,"Hollywood Pictures, Don Simpson/Jerry Bruckheimer Films"
Borat: Cultural Learnings of America for Make Benefit Glorious Nation of Kazakhstan,2006,R,03 Nov 2006,84 min,Comedy,Larry Charles,"Sacha Baron Cohen (screenplay), Anthony Hines (screenplay), Peter Baynham (screenplay), Dan Mazer (screenplay), Sacha Baron Cohen (story), Peter Baynham (story), Anthony Hines (story), Todd Phillips (story), Sacha Baron Cohen (based on a character created by)","Sacha Baron Cohen, Ken Davitian, Luenell, Chester","Kazakh TV talking head Borat is dispatched to the United States to report on the greatest country in the world. With a documentary crew in tow, Borat becomes more interested in locating and marrying Pamela Anderson.","English, Romanian, Hebrew, Polish, Armenian","USA, UK",https://m.media-amazon.com/images/M/MV5BMTk0MTQ3NDQ4Ml5BMl5BanBnXkFtZTcwOTQ3OTQzMw@@._V1_SX300.jpg,89,tt0443453,7.3,"353,502",movie,Gold/Miller Productions
Zardoz,1974,R,06 Feb 1974,105 min,"Adventure, Fantasy, Sci-Fi",John Boorman,John Boorman,"Sean Connery, Charlotte Rampling, Sara Kestelman, John Alderton","In the distant future, a savage trained only to kill finds a way into the community of bored immortals that alone preserves humanity's achievements.","English, Italian, Swedish, Latin, German, French, Irish","UK, USA, Ireland",https://m.media-amazon.com/images/M/MV5BMDg5NTYzNzMtNzhmOS00NzEyLWJlMWMtMzUzNjdhYjY2NDI3XkEyXkFqcGdeQXVyNjUwMzI2NzU@._V1_SX300.jpg,46,tt0070948,5.9,"19,366",movie,John Boorman Productions
Hereditary,2018,R,08 Jun 2018,127 min,"Drama, Horror, Mystery, Thriller",Ari Aster,Ari Aster,"Alex Wolff, Gabriel Byrne, Toni Collette, Milly Shapiro",A grieving family is haunted by tragic and disturbing occurrences.,"English, Spanish",USA,https://m.media-amazon.com/images/M/MV5BOTU5MDg3OGItZWQ1Ny00ZGVmLTg2YTUtMzBkYzQ1YWIwZjlhXkEyXkFqcGdeQXVyNTAzMTY4MDA@._V1_SX300.jpg,87,tt7784604,7.3,"231,087",movie,PalmStar Media
It,2017,R,08 Sep 2017,135 min,Horror,Andy Muschietti,"Chase Palmer (screenplay by), Cary Joji Fukunaga (screenplay by), Gary Dauberman (screenplay by), Stephen King (based on the novel by)","Jaeden Martell, Jeremy Ray Taylor, Sophia Lillis, Finn Wolfhard","In the summer of 1989, a group of bullied kids band together to destroy a shape-shifting monster, which disguises itself as a clown and preys on the children of Derry, their small Maine town.","English, Hebrew","Canada, USA",https://m.media-amazon.com/images/M/MV5BZDVkZmI0YzAtNzdjYi00ZjhhLWE1ODEtMWMzMWMzNDA0NmQ4XkEyXkFqcGdeQXVyNzYzODM3Mzg@._V1_SX300.jpg,69,tt1396484,7.3,"450,627",movie,"Vertigo Entertainment, RatPac-Dune Entertainment, Lin Pictures"
Emma,1996,PG,30 Aug 1996,120 min,"Comedy, Drama, Romance",Douglas McGrath,"Jane Austen (novel), Douglas McGrath (screenplay)","Gwyneth Paltrow, James Cosmo, Greta Scacchi, Alan Cumming","While matchmaking for friends and neighbours, a young 19th Century Englishwoman nearly misses her own chance at love.",English,"UK, USA",https://m.media-amazon.com/images/M/MV5BN2E1YTUzZDAtODQ2YS00MWNjLWEzMzAtZjgwY2M3ZTcwOTJhXkEyXkFqcGdeQXVyNjE5MjUyOTM@._V1_SX300.jpg,66,tt0116191,6.6,"35,311",movie,"A&amp;E Television Networks, Meridian Broadcasting, Chestermead"
The New Mutants,2020,PG-13,28 Aug 2020,94 min,"Action, Horror, Sci-Fi",Josh Boone,"Josh Boone, Knate Lee","Maisie Williams, Anya Taylor-Joy, Charlie Heaton, Alice Braga","Five young mutants, just discovering their abilities while held in a secret facility against their will, fight to escape their past sins and save themselves.",English,USA,https://m.media-amazon.com/images/M/MV5BZDQ2NTdmNDgtMGIwMS00ODE2LTk5M2EtZGZhYzc4MWRlNTU3XkEyXkFqcGdeQXVyNTc4MjczMTM@._V1_SX300.jpg,43,tt4682266,5.5,"13,285",movie,"20th Century Fox, Donners&#39; Company"
The Gentlemen,2019,R,24 Jan 2020,113 min,"Action, Comedy, Crime",Guy Ritchie,"Guy Ritchie (story by), Ivan Atkinson (story by), Marn Davies (story by), Guy Ritchie (screenplay by)","Matthew McConaughey, Charlie Hunnam, Michelle Dockery, Jeremy Strong","An American expat tries to sell off his highly profitable marijuana empire in London, triggering plots, schemes, bribery and blackmail in an attempt to steal his domain out from under him.",English,"UK, USA",https://m.media-amazon.com/images/M/MV5BMTlkMmVmYjktYTc2NC00ZGZjLWEyOWUtMjc2MDMwMjQwOTA5XkEyXkFqcGdeQXVyNTI4MzE4MDU@._V1_SX300.jpg,51,tt8367814,7.8,"202,260",movie,N/A
365 Days,2020,TV-MA,07 Feb 2020,114 min,"Drama, Romance","Barbara Bialowas, Tomasz Mandes","Tomasz Klimala (screenplay by), Tomasz Mandes (screen story by), Barbara Bialowas (screen story by), Blanka Lipinska (screen story by), Blanka Lipinska (based on the novel by)","Anna Maria Sieklucka, Michele Morrone, Bronislaw Wroclawski, Otar Saralidze","Massimo is a member of the Sicilian Mafia family and Laura is a sales director. She does not expect that on a trip to Sicily trying to save her relationship, Massimo will kidnap her and give her 365 days to fall in love with him.","Polish, English, Italian",Poland,https://m.media-amazon.com/images/M/MV5BODljZTM3ODAtMDc0YS00NmI4LTlmZTUtM2I5MDAzNTQxZmMxXkEyXkFqcGdeQXVyMTEwMTY3NDI@._V1_SX300.jpg,N/A,tt10886166,3.3,"41,140",movie,N/A
The League of Extraordinary Gentlemen,2003,PG-13,11 Jul 2003,110 min,"Action, Adventure, Fantasy, Sci-Fi",Stephen Norrington,"Alan Moore (comic books), Kevin O'Neill (comic books), James Robinson (screenplay)","Sean Connery, Naseeruddin Shah, Peta Wilson, Tony Curran","In an alternate Victorian Age world, a group of famous contemporary fantasy, science fiction, and adventure characters team up on a secret mission.","English, German, Italian","USA, Germany, Czech Republic, UK",https://m.media-amazon.com/images/M/MV5BZTFlOTdkMjEtNGVmMS00YTA3LThlNjQtMjAzZmFjZDAzNjllL2ltYWdlL2ltYWdlXkEyXkFqcGdeQXVyMTQxNzMzNDI@._V1_SX300.jpg,30,tt0311429,5.8,"166,015",movie,20th Century Fox
Spell,2018,N/A,01 Nov 2019,87 min,"Comedy, Drama, Thriller",Brendan Walter,"Barak Hardley (story), Barak Hardley, Jon Lullo (story), Brendan Walter (story)","Barak Hardley, Jackie Tohn, Magnús Jónsson, Birna Rún Eiríksdóttir","After the death of his fiancée, an American illustrator runs out of medication while wandering the isolated Icelandic countryside - unsure if his compulsions are related to his disorder or if he's being forced to unlock ancient secrets.",English,USA,https://m.media-amazon.com/images/M/MV5BZDBmM2VlZWUtODAxMC00NjZmLWEzMzMtMmQzN2FjZWEyZTI0XkEyXkFqcGdeQXVyMTA5MTkwODY@._V1_SX300.jpg,63,tt6398496,5.9,402,movie,N/A
Nobody Sleeps in the Woods Tonight,2020,TV-MA,28 Oct 2020,102 min,"Horror, Thriller",Bartosz M. Kowalski,"Bartosz M. Kowalski, Jan Kwiecinski, Mirella Zaradkiewicz","Julia Wieniawa-Narkiewicz, Michal Lupa, Wiktoria Gasiewska, Stanislaw Cywka",A slasher film where a group of teenagers arrive at a survival camp where they clash with two deformed cannibals.,Polish,Poland,https://m.media-amazon.com/images/M/MV5BNzM5ZDcyMDUtZGM0Zi00YzI3LTllYjEtODU1ODk1ZTkxZDlhXkEyXkFqcGdeQXVyMTEwMTY3NDI@._V1_SX300.jpg,N/A,tt11240506,4.8,"4,169",movie,N/A
On the Rocks,2020,R,23 Oct 2020,96 min,"Adventure, Comedy, Drama",Sofia Coppola,Sofia Coppola,"Bill Murray, Rashida Jones, Marlon Wayans, Jessica Henwick",A young mother reconnects with her larger-than-life playboy father on an adventure through New York.,English,USA,https://m.media-amazon.com/images/M/MV5BZTEwY2M0NzAtYjBiMi00Yzg3LWE0ZGYtYTYwODEzMWU0MDFhXkEyXkFqcGdeQXVyMDM2NDM2MQ@@._V1_SX300.jpg,73,tt9606374,6.5,"8,104",movie,N/A
Beetlejuice,1988,PG,30 Mar 1988,92 min,"Comedy, Fantasy",Tim Burton,"Michael McDowell (story), Larry Wilson (story), Michael McDowell (screenplay), Warren Skaaren (screenplay)","Alec Baldwin, Geena Davis, Annie McEnroe, Maurice Page","The spirits of a deceased couple are harassed by an unbearable family that has moved into their home, and hire a malicious spirit to drive them out.",English,USA,https://m.media-amazon.com/images/M/MV5BZDdmNjBlYTctNWU0MC00ODQxLWEzNDQtZGY1NmRhYjNmNDczXkEyXkFqcGdeQXVyMTQxNzMzNDI@._V1_SX300.jpg,70,tt0094721,7.5,"255,906",movie,"Warner Brothers, Geffen Pictures"
Doctor Sleep,2019,R,08 Nov 2019,152 min,"Drama, Fantasy, Horror, Thriller",Mike Flanagan,"Mike Flanagan (screenplay by), Stephen King (based upon the novel by)","Ewan McGregor, Rebecca Ferguson, Kyliegh Curran, Cliff Curtis","Years following the events of The Shining (1980), a now-adult Dan Torrance must protect a young girl with similar powers from a cult known as The True Knot, who prey on children with powers to remain immortal.",English,"UK, USA",https://m.media-amazon.com/images/M/MV5BYmY3NGJlYTItYmQ4OS00ZTEwLWIzODItMjMzNWU2MDE0NjZhXkEyXkFqcGdeQXVyMzQzMDA3MTI@._V1_SX300.jpg,59,tt5606664,7.3,"131,171",movie,"Intrepid Pictures, Warner Bros., Vertigo Entertainment"
,,,,,,,,,,,,,,,,,,
,,,,,,,,,,,,,,,,,,
Midsommar,2019,R,03 Jul 2019,148 min,"Drama, Horror, Mystery, Thriller",Ari Aster,Ari Aster,"Florence Pugh, Jack Reynor, Vilhelm Blomgren, William Jackson Harper",A couple travels to Sweden to visit a rural hometown's fabled mid-summer festival. What begins as an idyllic retreat quickly devolves into an increasingly violent and bizarre competition at the hands of a pagan cult.,"English, Swedish","USA, Sweden",https://m.media-amazon.com/images/M/MV5BMzQxNzQzOTQwM15BMl5BanBnXkFtZTgwMDQ2NTcwODM@._V1_SX300.jpg,72,tt8772262,7.1,"186,907",movie,Square Peg
V for Vendetta,2005,R,17 Mar 2006,132 min,"Action, Drama, Sci-Fi, Thriller",James McTeigue,"Lilly Wachowski (screenplay), Lana Wachowski (screenplay), David Lloyd (graphic novel art)","Natalie Portman, Hugo Weaving, Stephen Rea, Stephen Fry","In a future British tyranny, a shadowy freedom fighter, known only by the alias of ""V"", plots to overthrow it with the help of a young woman.",English,"USA, UK, Germany",https://m.media-amazon.com/images/M/MV5BOTI5ODc3NzExNV5BMl5BanBnXkFtZTcwNzYxNzQzMw@@._V1_SX300.jpg,62,tt0434409,8.2,"1,015,941",movie,"Virtual Studios, Warner Bros., Anarchos Productions Inc., Silver Pictures"
Goldfinger,1964,PG,09 Jan 1965,110 min,"Action, Adventure, Thriller",Guy Hamilton,"Richard Maibaum (screenplay by), Paul Dehn (screenplay by)","Sean Connery, Gert Fröbe, Honor Blackman, Shirley Eaton","While investigating a gold magnate's smuggling, James Bond uncovers a plot to contaminate the Fort Knox gold reserve.","English, Chinese, Spanish",UK,https://m.media-amazon.com/images/M/MV5BMTQ2MzE0OTU3NV5BMl5BanBnXkFtZTcwNjQxNTgzNA@@._V1_SX300.jpg,87,tt0058150,7.7,"169,657",movie,"United Artists, Danjaq Productions"
Knives Out,2019,PG-13,27 Nov 2019,130 min,"Comedy, Crime, Drama, Mystery, Thriller",Rian Johnson,Rian Johnson,"Daniel Craig, Chris Evans, Ana de Armas, Jamie Lee Curtis","A detective investigates the death of a patriarch of an eccentric, combative family.","English, Spanish, Hindi",USA,https://m.media-amazon.com/images/M/MV5BMGUwZjliMTAtNzAxZi00MWNiLWE2NzgtZGUxMGQxZjhhNDRiXkEyXkFqcGdeQXVyNjU1NzU3MzE@._V1_SX300.jpg,82,tt8946378,7.9,"413,083",movie,"FilmNation Entertainment, Media Rights Capital"
The Shining,1980,R,13 Jun 1980,146 min,"Drama, Horror",Stanley Kubrick,"Stephen King (based upon the novel by), Stanley Kubrick (screenplay by), Diane Johnson (screenplay by)","Jack Nicholson, Shelley Duvall, Danny Lloyd, Scatman Crothers","A family heads to an isolated hotel for the winter where a sinister presence influences the father into violence, while his psychic son sees horrific forebodings from both past and future.",English,"UK, USA",https://m.media-amazon.com/images/M/MV5BZWFlYmY2MGEtZjVkYS00YzU4LTg0YjQtYzY1ZGE3NTA5NGQxXkEyXkFqcGdeQXVyMTQxNzMzNDI@._V1_SX300.jpg,66,tt0081505,8.4,"878,822",movie,"Producers Circle, Warner Brothers, Peregrine, Hawk Films"
Unhinged,2020,R,21 Aug 2020,90 min,"Action, Thriller",Derrick Borte,Carl Ellsworth,"Russell Crowe, Caren Pistorius, Gabriel Bateman, Jimmi Simpson","After a confrontation with an unstable man at an intersection, a woman becomes the target of his rage.",English,USA,https://m.media-amazon.com/images/M/MV5BYjc1Mjg5NjItY2I2MS00NDk3LWI5NGYtNzZjNTNiZmMwZTA3XkEyXkFqcGdeQXVyMjM4NTM5NDY@._V1_SX300.jpg,40,tt10059518,6.0,"18,135",movie,N/A
Parasite,2019,R,08 Nov 2019,132 min,"Comedy, Drama, Thriller",Bong Joon Ho,"Bong Joon Ho (story by), Bong Joon Ho (screenplay by), Jin Won Han (screenplay by)","Kang-ho Song, Sun-kyun Lee, Yeo-jeong Jo, Woo-sik Choi",Greed and class discrimination threaten the newly formed symbiotic relationship between the wealthy Park family and the destitute Kim clan.,"Korean, English",South Korea,https://m.media-amazon.com/images/M/MV5BYWZjMjk3ZTItODQ2ZC00NTY5LWE0ZDYtZTI3MjcwN2Q5NTVkXkEyXkFqcGdeQXVyODk4OTc3MTY@._V1_SX300.jpg,96,tt6751668,8.6,"497,051",movie,"CJ Entertainment, TMS Entertainment"
The Hunt for Red October,1990,PG,02 Mar 1990,135 min,"Action, Adventure, Thriller",John McTiernan,"Tom Clancy (novel), Larry Ferguson (screenplay), Donald E. Stewart (screenplay)","Sean Connery, Alec Baldwin, Scott Glenn, Sam Neill","In November 1984, the Soviet Union's best submarine Captain in their newest sub violates orders and heads for the U.S. Is he trying to defect or to start a war?","English, Russian",USA,https://m.media-amazon.com/images/M/MV5BZDdkODg3YzctMGVmZS00ZDM5LWIzNTctZDRlMjA5Mjc4MGViXkEyXkFqcGdeQXVyODE5NzE3OTE@._V1_SX300.jpg,58,tt0099810,7.6,"177,439",movie,Paramount Pictures
Indiana Jones and the Last Crusade,1989,PG-13,24 May 1989,127 min,"Action, Adventure",Steven Spielberg,"Jeffrey Boam (screenplay), George Lucas (story), Menno Meyjes (story), George Lucas (characters), Philip Kaufman (characters)","Harrison Ford, Sean Connery, Denholm Elliott, Alison Doody","In 1938, after his father Professor Henry Jones, Sr. goes missing while pursuing the Holy Grail, Professor Henry ""Indiana"" Jones, Jr. finds himself up against Adolf Hitler's Nazis again to stop them from obtaining its powers.","English, German, Greek, Arabic",USA,https://m.media-amazon.com/images/M/MV5BMjNkMzc2N2QtNjVlNS00ZTk5LTg0MTgtODY2MDAwNTMwZjBjXkEyXkFqcGdeQXVyNDk3NzU2MTQ@._V1_SX300.jpg,65,tt0097576,8.2,"681,147",movie,"Paramount Pictures, Lucasfilm Ltd."
Scream,1996,R,20 Dec 1996,111 min,"Horror, Mystery",Wes Craven,Kevin Williamson,"Drew Barrymore, Roger Jackson, Kevin Patrick Walls, David Booth","A year after the murder of her mother, a teenage girl is terrorized by a new killer, who targets the girl and her friends by using horror films as part of a deadly game.",English,USA,https://m.media-amazon.com/images/M/MV5BMjA2NjU5MTg5OF5BMl5BanBnXkFtZTgwOTkyMzQxMDE@._V1_SX300.jpg,65,tt0117571,7.2,"284,329",movie,"Dimension Films, Woods Entertainment"
Once Upon a Time in Hollywood,2016,N/A,N/A,N/A,Drama,Vladislav Kozlov,Vladislav Kozlov,N/A,N/A,N/A,USA,N/A,N/A,tt4010884,N/A,N/A,movie,N/A
Coco,2017,PG,22 Nov 2017,105 min,"Animation, Adventure, Family, Fantasy, Music, Mystery","Lee Unkrich, Adrian Molina(co-director)","Lee Unkrich (original story by), Jason Katz (original story by), Matthew Aldrich (original story by), Adrian Molina (original story by), Adrian Molina (screenplay by), Matthew Aldrich (screenplay by)","Anthony Gonzalez, Gael García Bernal, Benjamin Bratt, Alanna Ubach","Aspiring musician Miguel, confronted with his family's ancestral ban on music, enters the Land of the Dead to find his great-great-grandfather, a legendary singer.","English, Spanish",USA,https://m.media-amazon.com/images/M/MV5BYjQ5NjM0Y2YtNjZkNC00ZDhkLWJjMWItN2QyNzFkMDE3ZjAxXkEyXkFqcGdeQXVyODIxMzk5NjA@._V1_SX300.jpg,81,tt2380307,8.4,"363,183",movie,Pixar Animation Studios
The Name of the Rose,1986,R,24 Sep 1986,130 min,"Crime, Drama, Mystery, Thriller",Jean-Jacques Annaud,"Umberto Eco (novel), Andrew Birkin (screenplay), Gérard Brach (screenplay), Howard Franklin (screenplay), Alain Godard (screenplay)","Sean Connery, Christian Slater, Helmut Qualtinger, Elya Baskin",An intellectually nonconformist friar investigates a series of mysterious deaths in an isolated abbey.,"English, Latin, Italian","West Germany, Italy, France",https://m.media-amazon.com/images/M/MV5BZjEyZTdhNDMtMWFkMS00ZmRjLWEyNmEtZDU3MWFkNDEzMDYwXkEyXkFqcGdeQXVyNjc1NTYyMjg@._V1_SX300.jpg,54,tt0091605,7.7,"100,680",movie,Cristaldi Film
Never Say Never Again,1983,PG,07 Oct 1983,134 min,"Action, Adventure, Thriller",Irvin Kershner,"Kevin McClory (based on an original story by), Jack Whittingham (based on an original story by), Ian Fleming (based on an original story by), Lorenzo Semple Jr. (screenplay)","Sean Connery, Klaus Maria Brandauer, Max von Sydow, Barbara Carrera","A S.P.E.C.T.R.E. Agent has stolen two American nuclear warheads, and James Bond must find their targets before they are detonated.","English, French, Spanish, Arabic","UK, USA, West Germany",https://m.media-amazon.com/images/M/MV5BMTM1NjgzMDkwOF5BMl5BanBnXkFtZTcwMzM4NzI0NA@@._V1_SX300.jpg,68,tt0086006,6.2,"60,318",movie,Eon Productions Ltd.
No Time to Die,2006,Not Rated,18 Jun 2009,95 min,Comedy,King Ampaw,"King Ampaw, Klaus Bädekerl","Fritz Baffour, Kofi Bucknor, Agnes Dapaa, David Dontoh","Asante, a hearse driver in Ghana, wants a wife. His profession puts most women off. He falls in love with a client whose mother has died, and manages to win her over. But her father forbids...",N/A,"Germany, Ghana",https://m.media-amazon.com/images/M/MV5BYTc4NTQ2YzctMGVhMS00NjI2LTgzYWYtNjA1YzAxMzEzM2VlXkEyXkFqcGdeQXVyNDgwNDk2ODQ@._V1_SX300.jpg,N/A,tt0899070,7.6,21,movie,N/A
The Godfather,1972,R,24 Mar 1972,175 min,"Crime, Drama",Francis Ford Coppola,"Mario Puzo (screenplay by), Francis Ford Coppola (screenplay by), Mario Puzo (based on the novel by)","Marlon Brando, Al Pacino, James Caan, Richard S. Castellano",The aging patriarch of an organized crime dynasty transfers control of his clandestine empire to his reluctant son.,"English, Italian, Latin",USA,https://m.media-amazon.com/images/M/MV5BM2MyNjYxNmUtYTAwNi00MTYxLWJmNWYtYzZlODY3ZTk3OTFlXkEyXkFqcGdeQXVyNzkwMjQ5NzM@._V1_SX300.jpg,100,tt0068646,9.2,"1,589,401",movie,Paramount Pictures
Highlander,1986,R,07 Mar 1986,116 min,"Action, Adventure, Fantasy",Russell Mulcahy,"Gregory Widen (story), Gregory Widen (screenplay), Peter Bellwood (screenplay), Larry Ferguson (screenplay)","Christopher Lambert, Roxanne Hart, Clancy Brown, Sean Connery","An immortal Scottish swordsman must confront the last of his immortal opponent, a murderously brutal barbarian who lusts for the fabled ""Prize"".",English,UK,https://m.media-amazon.com/images/M/MV5BMjc3YmU3MzQtNTA4OC00ZjljLWFmODAtZDU1YzY5ZTNkZDU3XkEyXkFqcGdeQXVyNTAyODkwOQ@@._V1_SX300.jpg,24,tt0091203,7.1,"119,743",movie,"20th Century Fox, Davis-Panzer Productions, Thorn EMI Screen Entertainment"
It Chapter Two,2019,R,06 Sep 2019,169 min,"Drama, Fantasy, Horror",Andy Muschietti,"Stephen King (based on the novel ""It"" by), Gary Dauberman (screenplay by)","Jessica Chastain, James McAvoy, Bill Hader, Isaiah Mustafa","Twenty-seven years after their first encounter with the terrifying Pennywise, the Losers Club have grown up and moved away, until a devastating phone call brings them back.","English, North American Indian, Spanish","Canada, USA",https://m.media-amazon.com/images/M/MV5BYTJlNjlkZTktNjEwOS00NzI5LTlkNDAtZmEwZDFmYmM2MjU2XkEyXkFqcGdeQXVyNjg2NjQwMDQ@._V1_SX300.jpg,58,tt7349950,6.5,"199,908",movie,"Toma 78, Warner Bros. Pictures, Lin Pictures, Vertigo Entertainment, New Line Cinema, Rideback"
The SpongeBob Movie: Sponge on the Run,2020,PG,07 Aug 2020,91 min,"Animation, Adventure, Comedy, Family",Tim Hill,"Tim Hill (screenplay by), Tim Hill (story by), Jonathan Aibel (story by), Glenn Berger (story by), Stephen Hillenburg (based on: the television series ""SpongeBob SquarePants"",  created by)","Tim Hill, Clancy Brown, Bill Fagerbakke, Rodger Bumpass","After SpongeBob's beloved pet snail Gary is snail-napped, he and Patrick embark on an epic adventure to The Lost City of Atlantic City to bring Gary home.",English,"USA, South Korea",https://m.media-amazon.com/images/M/MV5BODIwMmQxNDktOWZjZC00NWI4LTg1NjktMGViOTE4ZTA4ZGY5XkEyXkFqcGdeQXVyNjg5MjU3NjE@._V1_SX300.jpg,N/A,tt4823776,6.3,559,movie,"Paramount Animation, United Plankton Pictures, Nickelodeon Movies, Nickelodeon Animation Studios"
The Craft,1996,R,03 May 1996,101 min,"Drama, Fantasy, Horror, Thriller",Andrew Fleming,"Peter Filardi (story), Peter Filardi (screenplay), Andrew Fleming (screenplay)","Robin Tunney, Fairuza Balk, Neve Campbell, Rachel True","A newcomer to a Catholic prep high school falls in with a trio of outcast teenage girls who practice witchcraft, and they all soon conjure up various spells and curses against those who anger them.","English, French",USA,https://m.media-amazon.com/images/M/MV5BZTBkMWE1NGItZTgxMi00ZTE0LWIzZjAtNzQ5ZGZlZTQxN2EwXkEyXkFqcGdeQXVyMTQxNzMzNDI@._V1_SX300.jpg,55,tt0115963,6.4,"75,129",movie,Columbia Pictures Corporation
Addams Family Values,1993,PG-13,19 Nov 1993,94 min,"Comedy, Fantasy",Barry Sonnenfeld,"Charles Addams (characters), Paul Rudnick","Anjelica Huston, Raul Julia, Christopher Lloyd, Joan Cusack","The Addams Family try to rescue their beloved Uncle Fester from his gold-digging new love, a black widow named Debbie.",English,USA,https://m.media-amazon.com/images/M/MV5BZWFhNjY0YjItNjM5NC00NzAwLWI3ZWUtMTlkNTA0ZWVkNjBkXkEyXkFqcGdeQXVyMTQxNzMzNDI@._V1_SX300.jpg,62,tt0106220,6.8,"80,214",movie,"Paramount Pictures, Orion Pictures Corporation"
From Russia with Love,1963,PG,27 May 1964,115 min,"Action, Adventure, Thriller",Terence Young,"Richard Maibaum (screenplay by), Johanna Harwood (adapted by)","Sean Connery, Daniela Bianchi, Pedro Armendáriz, Lotte Lenya",James Bond willingly falls into an assassination plot involving a naive Russian beauty in order to retrieve a Soviet encryption device that was stolen by S.P.E.C.T.R.E.,"English, Russian, Turkish, Romany",UK,https://m.media-amazon.com/images/M/MV5BZjBiNGNlNmItZTk2Zi00YjRlLTk1NzEtNDI2YTNmN2EwNDhlXkEyXkFqcGdeQXVyNDY2MTk1ODk@._V1_SX300.jpg,84,tt0057076,7.4,"116,159",movie,"Eon Productions Ltd., Danjaq Productions"
Poltergeist,1982,PG,04 Jun 1982,114 min,"Horror, Thriller",Tobe Hooper,"Steven Spielberg (screenplay by), Michael Grais (screenplay by), Mark Victor (screenplay by), Steven Spielberg (story by)","Craig T. Nelson, JoBeth Williams, Beatrice Straight, Dominique Dunne",A family's home is haunted by a host of demonic ghosts.,English,USA,https://m.media-amazon.com/images/M/MV5BNzliZmRlYTctYmNkYS00NzE5LWI1OWQtMTRiODY5MDMwMTVkXkEyXkFqcGdeQXVyMTQxNzMzNDI@._V1_SX300.jpg,79,tt0084516,7.3,"141,091",movie,Metro Goldwyn Mayer
1917,2019,R,10 Jan 2020,119 min,"Drama, War",Sam Mendes,"Sam Mendes, Krysty Wilson-Cairns","Dean-Charles Chapman, George MacKay, Daniel Mays, Colin Firth","April 6th, 1917. As a regiment assembles to wage war deep in enemy territory, two soldiers are assigned to race against time and deliver a message that will stop 1,600 men from walking straight into a deadly trap.","English, French, German","USA, UK, India, Spain, Canada, China",https://m.media-amazon.com/images/M/MV5BOTdmNTFjNDEtNzg0My00ZjkxLTg1ZDAtZTdkMDc2ZmFiNWQ1XkEyXkFqcGdeQXVyNTAzNzgwNTg@._V1_SX300.jpg,78,tt8579674,8.3,"386,483",movie,"Neal Street Productions, Amblin Entertainment"
Mulan,1998,G,19 Jun 1998,88 min,"Animation, Adventure, Family, Fantasy, Musical, War","Tony Bancroft, Barry Cook","Robert D. San Souci (based on a story by), Rita Hsiao (screenplay by), Chris Sanders (screenplay by), Philip LaZebnik (screenplay by), Raymond Singer (screenplay by), Eugenia Bostwick-Singer (screenplay by), Dean DeBlois (story co-head), John Sanford (story), Chris Williams (story), Tim Hodge (story), Julius Aguimatang (story), Burny Mattinson (story), Lorna Cook (story), Barry Johnson (story), Thom Enriquez (story), Ed Gombert (story), Joe Grant (story), Floyd Norman (story), Linda Woolverton (additional story material), Jodi Ann Johnson (additional story material), Alan Ormsby (additional story material), David Reynolds (additional story material), Don Dougherty (additional story material), Jorgen Klubien (additional story material), Denis Rich (additional story material), Joe Ekers (additional story material), Theodore Newton (additional story material), Larry Scholl (additional story material), Daan Jippes (additional story material), Frank Nissen (additional story material), Jeff Snow (additional story material)","Miguel Ferrer, Harvey Fierstein, Freda Foh Shen, June Foray","To save her father from death in the army, a young maiden secretly goes in his place and becomes one of China's greatest heroines in the process.","English, Mandarin",USA,https://m.media-amazon.com/images/M/MV5BODkxNGQ1NWYtNzg0Ny00Yjg3LThmZTItMjE2YjhmZTQ0ODY5XkEyXkFqcGdeQXVyMTQxNzMzNDI@._V1_SX300.jpg,71,tt0120762,7.6,"251,704",movie,"Walt Disney Pictures, Walt Disney Animation"
Freaky,2020,R,13 Nov 2020,101 min,"Comedy, Horror, Thriller",Christopher Landon,"Michael Kennedy (Writer), Christopher Landon","Kathryn Newton, Vince Vaughn, Alan Ruck, Katie Finneran","After swapping bodies with a deranged serial killer, a young girl in high school discovers she has less than 24 hours before the change becomes permanent.",English,USA,https://m.media-amazon.com/images/M/MV5BMTRkYmJlY2ItNmFlZi00OWVhLTg1ZTctOGE0MjM5ZGMwMmY4XkEyXkFqcGdeQXVyNjY1MTg4Mzc@._V1_SX300.jpg,N/A,tt10919380,8.0,49,movie,N/A
Clue,1985,PG,13 Dec 1985,94 min,"Comedy, Crime, Mystery, Thriller",Jonathan Lynn,"John Landis (story), Jonathan Lynn (story), Jonathan Lynn (screenplay)","Eileen Brennan, Tim Curry, Madeline Kahn, Christopher Lloyd","Six guests are anonymously invited to a strange mansion for dinner, but after their host is killed, they must cooperate with the staff to identify the murderer as the bodies pile up.","English, French",USA,https://m.media-amazon.com/images/M/MV5BM2VlNTE1ZmMtOTAyNS00ODYwLWFmY2MtZWEzOTE2YjE1NDE2XkEyXkFqcGdeQXVyNDk3NzU2MTQ@._V1_SX300.jpg,39,tt0088930,7.3,"79,803",movie,"PolyGram Filmed Entertainment, Guber-Peters Company, Debra Hill Productions"
The Man Who Would Be King,1975,PG,19 Dec 1975,129 min,"Adventure, History, War",John Huston,"John Huston (screenplay), Gladys Hill (screenplay), Rudyard Kipling (based on the story by)","Sean Connery, Michael Caine, Christopher Plummer, Saeed Jaffrey","Two British former soldiers decide to set themselves up as Kings in Kafiristan, a land where no white man has set foot since Alexander the Great.","English, Arabic","UK, USA",https://m.media-amazon.com/images/M/MV5BZWQzYjBjZmQtZDFiOS00ZDQ1LWI4MDAtMDk1NGE1NDBhYjNhL2ltYWdlXkEyXkFqcGdeQXVyNjc1NTYyMjg@._V1_SX300.jpg,91,tt0073341,7.8,"43,713",movie,"Allied Artists, Devon/Persky-Bright, Columbia Pictures Corporation"
Honest Thief,2020,PG-13,16 Oct 2020,99 min,"Action, Crime, Drama, Thriller",Mark Williams,"Steve Allrich, Mark Williams","Liam Neeson, Kate Walsh, Jai Courtney, Jeffrey Donovan","Wanting to lead an honest life, a notorious bank robber turns himself in, only to be double-crossed by two ruthless FBI agents.",English,USA,https://m.media-amazon.com/images/M/MV5BZjEwNjYyMTMtODc5Yi00NTg5LTkwMzAtZTkyOTcyNTFkMGIyXkEyXkFqcGdeQXVyMDA4NzMyOA@@._V1_SX300.jpg,46,tt1838556,6.1,"3,491",movie,N/A
Sleepy Hollow,1999,R,19 Nov 1999,105 min,"Fantasy, Horror, Mystery",Tim Burton,"Washington Irving (story ""The Legend of Sleepy Hollow""), Kevin Yagher (screen story), Andrew Kevin Walker (screen story), Andrew Kevin Walker (screenplay)","Johnny Depp, Christina Ricci, Miranda Richardson, Michael Gambon","Ichabod Crane is sent to Sleepy Hollow to investigate the decapitations of three people, with the culprit being the legendary apparition, The Headless Horseman.","English, Latin","Germany, USA",https://m.media-amazon.com/images/M/MV5BMTQ4Yjk5ODEtNGFkOS00OTY1LTgwYTYtOTFkNmU2NzBmNGM2XkEyXkFqcGdeQXVyNDQ2MTMzODA@._V1_SX300.jpg,65,tt0162661,7.3,"328,765",movie,"Mandalay Pictures, Paramount Pictures, American Zoetrope, Scott Rudin Productions"
The Cabin in the Woods,2011,R,13 Apr 2012,95 min,Horror,Drew Goddard,"Joss Whedon, Drew Goddard","Kristen Connolly, Chris Hemsworth, Anna Hutchison, Fran Kranz","Five friends go for a break at a remote cabin, where they get more than they bargained for, discovering the truth behind the cabin in the woods.","English, Japanese",USA,https://m.media-amazon.com/images/M/MV5BNTUxNzYyMjg2N15BMl5BanBnXkFtZTcwMTExNzExNw@@._V1_SX300.jpg,72,tt1259521,7.0,"372,209",movie,Mutant Enemy
The Midnight Sky,2020,N/A,01 Dec 2020,N/A,"Adventure, Drama, Sci-Fi, Thriller",George Clooney,"Lily Brooks-Dalton (based on the book by), Mark L. Smith (adaptation)","Felicity Jones, George Clooney, Sophie Rundle, Kyle Chandler","This post-apocalyptic tale follows Augustine, a lonely scientist in the Arctic, as he races to stop Sully and her fellow astronauts from returning home to a mysterious global catastrophe.",English,USA,https://m.media-amazon.com/images/M/MV5BMzgwYTQ3OWYtN2IwYi00ZTY0LWEyMzctZTQ0NzYyZDk0NzhjXkEyXkFqcGdeQXVyNjU1NzU3MzE@._V1_SX300.jpg,N/A,tt10539608,N/A,N/A,movie,N/A
After,2019,PG-13,12 Apr 2019,105 min,"Drama, Romance",Jenny Gage,"Susan McMartin (screenplay by), Tamara Chestna (screenplay by), Jenny Gage (screenplay by), Tom Betterton (screenplay by), Anna Todd (based on the novel by)","Josephine Langford, Hero Fiennes Tiffin, Khadijha Red Thunder, Dylan Arnold",A young woman falls for a guy with a dark secret and the two embark on a rocky relationship. Based on the novel by Anna Todd.,English,USA,https://m.media-amazon.com/images/M/MV5BOGUwMjk3YzktNDI0Yy00MzFiLWFjNmEtYTA2ODVjMzNhODhjXkEyXkFqcGdeQXVyOTQ1MDI4MzY@._V1_SX300.jpg,30,tt4126476,5.3,"33,104",movie,"Offspring Entertainment, Voltage Pictures, Diamond Film Productions, Wattpad"
The Exorcist,1973,R,26 Dec 1973,122 min,Horror,William Friedkin,"William Peter Blatty (written for the screen by), William Peter Blatty (novel)","Ellen Burstyn, Max von Sydow, Lee J. Cobb, Kitty Winn","When a 12-year-old girl is possessed by a mysterious entity, her mother seeks the help of two priests to save her.","English, Latin, Greek, French, German, Arabic, Kurdish",USA,https://m.media-amazon.com/images/M/MV5BYjhmMGMxZDYtMTkyNy00YWVmLTgyYmUtYTU3ZjcwNTBjN2I1XkEyXkFqcGdeQXVyNzkwMjQ5NzM@._V1_SX300.jpg,81,tt0070047,8.0,"356,584",movie,"Warner Brothers, Hoya Productions"
Joker,2019,R,04 Oct 2019,122 min,"Crime, Drama, Thriller",Todd Phillips,"Todd Phillips, Scott Silver, Bob Kane (based on characters created by), Bill Finger (based on characters created by), Jerry Robinson (based on characters created by)","Joaquin Phoenix, Robert De Niro, Zazie Beetz, Frances Conroy","In Gotham City, mentally troubled comedian Arthur Fleck is disregarded and mistreated by society. He then embarks on a downward spiral of revolution and bloody crime. This path brings him face-to-face with his alter-ego: the Joker.",English,"USA, Canada",https://m.media-amazon.com/images/M/MV5BNGVjNWI4ZGUtNzE0MS00YTJmLWE0ZDctN2ZiYTk2YmI3NTYyXkEyXkFqcGdeQXVyMTkxNjUyNQ@@._V1_SX300.jpg,59,tt7286456,8.5,"883,048",movie,"Bron Studios, Creative Wealth Media Finance, DC Comics"
Stardust,2007,PG-13,10 Aug 2007,127 min,"Adventure, Family, Fantasy, Romance",Matthew Vaughn,"Jane Goldman (screenplay), Matthew Vaughn (screenplay), Neil Gaiman (novel)","Ian McKellen, Bimbo Hart, Alastair MacIntosh, David Kelly","In a countryside town bordering on a magical land, a young man makes a promise to his beloved that he'll retrieve a fallen star by venturing into the magical realm.",English,"UK, USA",https://m.media-amazon.com/images/M/MV5BMjkyMTE1OTYwNF5BMl5BanBnXkFtZTcwMDIxODYzMw@@._V1_SX300.jpg,66,tt0486655,7.6,"252,171",movie,"Di Bonaventura Pictures, Ingenious Film Partners, Paramount Pictures"
Avengers: Endgame,2019,PG-13,26 Apr 2019,181 min,"Action, Adventure, Drama, Sci-Fi","Anthony Russo, Joe Russo","Christopher Markus (screenplay by), Stephen McFeely (screenplay by), Stan Lee (based on the Marvel comics by), Jack Kirby (based on the Marvel comics by), Joe Simon (Captain America created by), Jack Kirby (Captain America created by), Steve Englehart (Star-Lord created by), Steve Gan (Star-Lord created by), Bill Mantlo (Rocket Raccoon created by), Keith Giffen (Rocket Raccoon created by), Jim Starlin (Thanos,  Gamora & Drax created by), Stan Lee (Groot created by), Larry Lieber (Groot created by), Jack Kirby (Groot created by), Steve Englehart (Mantis created by), Don Heck (Mantis created by)","Robert Downey Jr., Chris Evans, Mark Ruffalo, Chris Hemsworth","After the devastating events of Avengers: Infinity War (2018), the universe is in ruins. With the help of remaining allies, the Avengers assemble once more in order to reverse Thanos' actions and restore balance to the universe.","English, Japanese, Xhosa, German",USA,https://m.media-amazon.com/images/M/MV5BMTc5MDE2ODcwNV5BMl5BanBnXkFtZTgwMzI2NzQ2NzM@._V1_SX300.jpg,78,tt4154796,8.4,"772,522",movie,"Marvel Studios, Walt Disney Pictures"
The Lie,2018,R,06 Oct 2020,97 min,"Crime, Drama, Horror, Mystery, Thriller",Veena Sud,"Veena Sud (written for the screen by), Marcus Seibert (based on the film ""Wir Monster"" written by), Sebastian Ko (based on the film ""Wir Monster"" written by)","Peter Sarsgaard, Mireille Enos, Joey King, Cas Anvar","A father and daughter are on their way to dance camp when they spot the girl's best friend on the side of the road. When they stop to offer the friend a ride, their good intentions soon result in terrible consequences.",English,USA,https://m.media-amazon.com/images/M/MV5BY2I5NzM3Y2QtNGY4NS00Njg5LWI2OGYtZDhlN2UzOWJjMDUxXkEyXkFqcGdeQXVyODE0OTU5Nzg@._V1_SX300.jpg,45,tt7945440,5.8,"5,924",movie,"Blumhouse Television, MAD DOG FILMS"
Easy A,2010,PG-13,17 Sep 2010,92 min,"Comedy, Drama, Romance",Will Gluck,Bert V. Royal,"Emma Stone, Penn Badgley, Amanda Bynes, Dan Byrd",A clean-cut high school student relies on the school's rumor mill to advance her social and financial standing.,English,USA,https://m.media-amazon.com/images/M/MV5BMjE1MzU1Mjg1OF5BMl5BanBnXkFtZTcwNDc3NDQ2Mw@@._V1_SX300.jpg,72,tt1282140,7.0,"353,908",movie,Olive Bridge Entertainment
The Silence of the Lambs,1991,R,14 Feb 1991,118 min,"Crime, Drama, Thriller",Jonathan Demme,"Thomas Harris (novel), Ted Tally (screenplay)","Jodie Foster, Lawrence A. Bonney, Kasi Lemmons, Lawrence T. Wrentz","A young F.B.I. cadet must receive the help of an incarcerated and manipulative cannibal killer to help catch another serial killer, a madman who skins his victims.","English, Latin",USA,https://m.media-amazon.com/images/M/MV5BNjNhZTk0ZmEtNjJhMi00YzFlLWE1MmEtYzM1M2ZmMGMwMTU4XkEyXkFqcGdeQXVyNjU0OTQ0OTY@._V1_SX300.jpg,85,tt0102926,8.6,"1,249,096",movie,Orion Pictures
The Lighthouse,2019,R,01 Nov 2019,109 min,"Drama, Fantasy, Horror, Mystery",Robert Eggers,"Robert Eggers, Max Eggers","Robert Pattinson, Willem Dafoe, Valeriia Karaman, Logan Hawkes",Two lighthouse keepers try to maintain their sanity whilst living on a remote and mysterious New England island in the 1890s.,English,"Canada, USA",https://m.media-amazon.com/images/M/MV5BZmE0MGJhNmYtOWNjYi00Njc5LWE2YjEtMWMxZTVmODUwMmMxXkEyXkFqcGdeQXVyMTkxNjUyNQ@@._V1_SX300.jpg,83,tt7984734,7.5,"127,245",movie,"Harbor Picture Company, RT Features, Topsail Entertainment, A24"
Sinister,2012,R,12 Oct 2012,110 min,"Horror, Mystery, Thriller",Scott Derrickson,"Scott Derrickson, C. Robert Cargill","Ethan Hawke, Juliet Rylance, Fred Thompson, James Ransone",Washed-up true crime writer Ellison Oswalt finds a box of super 8 home movies in his new home that suggest the murder that he is currently researching is the work of a serial killer whose work dates back to the 1960s.,English,"USA, UK, Canada",https://m.media-amazon.com/images/M/MV5BMjI5MTg1Njg0Ml5BMl5BanBnXkFtZTcwNzg2Mjc4Nw@@._V1_SX300.jpg,53,tt1922777,6.8,"215,837",movie,"Blumhouse, Automatik"
The Conjuring,2013,R,19 Jul 2013,112 min,"Horror, Mystery, Thriller",James Wan,"Chad Hayes, Carey W. Hayes","Vera Farmiga, Patrick Wilson, Lili Taylor, Ron Livingston",Paranormal investigators Ed and Lorraine Warren work to help a family terrorized by a dark presence in their farmhouse.,"English, Latin",USA,https://m.media-amazon.com/images/M/MV5BMTM3NjA1NDMyMV5BMl5BanBnXkFtZTcwMDQzNDMzOQ@@._V1_SX300.jpg,68,tt1457767,7.5,"436,331",movie,"Safran Company, Evergreen Media Group"
Thunderball,1965,PG,22 Dec 1965,130 min,"Action, Adventure, Thriller",Terence Young,"Richard Maibaum (screenplay by), John Hopkins (screenplay by), Jack Whittingham (based on an original screenplay by), Kevin McClory (based on the original story by), Jack Whittingham (based on the original story by), Ian Fleming (based on the original story by)","Sean Connery, Claudine Auger, Adolfo Celi, Luciana Paluzzi",James Bond heads to the Bahamas to recover two nuclear warheads stolen by S.P.E.C.T.R.E. Agent Emilio Largo in an international extortion scheme.,"English, French",UK,https://m.media-amazon.com/images/M/MV5BM2I0YWRjZDQtMjQwMC00N2EzLTg0MTctYWE0MzIzOTZiMjE5XkEyXkFqcGdeQXVyNDY2MTk1ODk@._V1_SX300.jpg,64,tt0059800,7.0,"104,366",movie,Danjaq Productions
The Kids Are All Right,2010,R,30 Jul 2010,106 min,"Comedy, Drama, Romance",Lisa Cholodenko,"Lisa Cholodenko, Stuart Blumberg","Julianne Moore, Annette Bening, Mark Ruffalo, Mia Wasikowska",Two children conceived by artificial insemination bring their biological father into their non-traditional family life.,English,"USA, France",https://m.media-amazon.com/images/M/MV5BMjE4NTMwNDg5MF5BMl5BanBnXkFtZTcwNDY2ODE0Mw@@._V1_SX300.jpg,86,tt0842926,7.0,"124,829",movie,"Antidote Films, Plum Pictures"
Antebellum,2020,R,18 Sep 2020,105 min,"Drama, Horror, Mystery, Thriller","Gerard Bush, Christopher Renz","Gerard Bush, Christopher Renz","Arabella Landrum, Jena Malone, Eric Lange, Janelle Monáe",Successful author Veronica Henley finds herself trapped in a horrifying reality and must uncover the mind-bending mystery before it's too late.,English,USA,https://m.media-amazon.com/images/M/MV5BOTQzYWU3NzktOGQyOC00NGNiLWE3NjAtNzQ0YzRkOTc5ODUzXkEyXkFqcGdeQXVyMjMxOTE0ODA@._V1_SX300.jpg,45,tt10065694,5.5,"10,614",movie,N/A
Get Out,2017,R,24 Feb 2017,104 min,"Horror, Mystery, Thriller",Jordan Peele,Jordan Peele,"Daniel Kaluuya, Allison Williams, Catherine Keener, Bradley Whitford","A young African-American visits his white girlfriend's parents for the weekend, where his simmering uneasiness about their reception of him eventually reaches a boiling point.",English,"USA, Japan",https://m.media-amazon.com/images/M/MV5BMjUxMDQwNjcyNl5BMl5BanBnXkFtZTgwNzcwMzc0MTI@._V1_SX300.jpg,85,tt5052448,7.7,"477,064",movie,"Universal Pictures, QC Entertainment, Blumhouse Productions"
Dune,1984,PG-13,14 Dec 1984,137 min,"Action, Adventure, Sci-Fi",David Lynch,"Frank Herbert (novel), David Lynch (screenplay)","Francesca Annis, Leonardo Cimino, Brad Dourif, José Ferrer",A Duke's son leads desert warriors against the galactic emperor and his father's evil nemesis when they assassinate his father and free their desert world from the emperor's rule.,English,"USA, Mexico",https://m.media-amazon.com/images/M/MV5BYTAzYzNlMDMtMGRjYS00M2UxLTk0MmEtYmE4YWZiYmEwOTIwL2ltYWdlL2ltYWdlXkEyXkFqcGdeQXVyNzc5MjA3OA@@._V1_SX300.jpg,40,tt0087182,6.5,"124,531",movie,"Universal Pictures, DeLaurentiis Productions"
The Suicide Squad,2021,N/A,06 Aug 2021,N/A,"Action, Adventure, Fantasy, Mystery, Sci-Fi",James Gunn,"James Gunn, John Ostrander (comic book)","Margot Robbie, Idris Elba, Taika Waititi, Joel Kinnaman",Plot is unknown.,English,USA,https://m.media-amazon.com/images/M/MV5BMzEzNzEyM2EtODM3OC00NWM4LTk3OTEtZjg3YjEzYTM1Zjk2XkEyXkFqcGdeQXVyMTkxNjUyNQ@@._V1_SX300.jpg,N/A,tt6334354,N/A,N/A,movie,N/A
The Shawshank Redemption,1994,R,14 Oct 1994,142 min,Drama,Frank Darabont,"Stephen King (short story ""Rita Hayworth and Shawshank Redemption""), Frank Darabont (screenplay)","Tim Robbins, Morgan Freeman, Bob Gunton, William Sadler","Two imprisoned men bond over a number of years, finding solace and eventual redemption through acts of common decency.",English,USA,https://m.media-amazon.com/images/M/MV5BMDFkYTc0MGEtZmNhMC00ZDIzLWFmNTEtODM1ZmRlYWMwMWFmXkEyXkFqcGdeQXVyMTMxODk2OTU@._V1_SX300.jpg,80,tt0111161,9.3,"2,296,430",movie,"Columbia Pictures, Castle Rock Entertainment"
A Nightmare on Elm Street,1984,TV-14,16 Nov 1984,91 min,Horror,Wes Craven,Wes Craven,"John Saxon, Ronee Blakley, Heather Langenkamp, Amanda Wyss",The monstrous spirit of a slain child murderer seeks revenge by invading the dreams of teenagers whose parents were responsible for his untimely death.,English,USA,https://m.media-amazon.com/images/M/MV5BNzFjZmM1ODgtMDBkMS00NWFlLTg2YmUtZjc3ZTgxMjE1OTI2L2ltYWdlXkEyXkFqcGdeQXVyNTAyODkwOQ@@._V1_SX300.jpg,76,tt0087800,7.5,"201,589",movie,New Line Cinema
